{
    "dipBuyerCompensation": 77786.7067850466,
    "dipSellingDeduction": -380346.7591047621,
    "total": 458133.4658898087
}